tweet_data,tweet_text,tweet_favs,tweet_author,tweet_author_verified
2021-02-26T23:55:08,"Parece que a gente voltou pro come√ßo da pandemia mesmo com a chegada da vacina bicho, neg√≥cio t√° feio de mais",0,SpfcHiuri,False
2021-02-26T23:55:07,"Lockdown funciona sim! E mascara funciona sim! Enquanto n√£o temos vacina pra todos! So temos 3 op√ß√µes: 1 - Uso de mascara 2- Distanciamento 3 - Lockdown! A realidade √© essa! Brasil est√° na UTI https://t.co/mANSgA1wty",0,nuncaparedeler,False
2021-02-26T23:55:05,"AH L√Å O PAI DO EREN TOMANDO VACINA PRA COVID PRA VIRAR TIT√É #vempraloading",0,lewownardo1,False
2021-02-26T23:55:05,"N√£o precisei tomar NENHUMA vacina üíâ #CHUPAAAAJORDANE",0,ErikaCristin,False
2021-02-26T23:55:04,"O üáßüá∑ tem presidente?  At√© agora n√£o vi o Brasil com presidente, vejo sem comando.VACINA J√Å Boldoasno n√£o",0,SilvioRSantos3,False
2021-02-26T23:55:03,"Esse governo √© uma MERDA msm, lockdown dnv, sem vacina, sem aux√≠lio, povo perdendo emprego, povo precisando trabalhar, sem UTI, povo morrendo, infla√ß√£o la em cima... √© o fim dos tempos",0,Montenegro_J29,False
2021-02-26T23:55:03,"A felicidade em se vacinar equivale a tristeza por n√£o ter vacina dispon√≠vel a todos.",0,leandromont12,False
2021-02-26T23:55:02,"mas o fdp tomou a vacina...",0,amandinhamillan,False
2021-02-26T23:55:02,"#JN #jornalnacional Doria prometendo vacina at√© dezembro, mas com a m√©dia m√≥vel de mais de 200 mortes por dia e aumentando ser√° que sobreviveremos at√© l√°?",0,rafael_pires013,False
2021-02-26T23:54:58,"lockdown virou motivo de chacota, mas vindo dele, nada mais me surpreende.N√ÉO EXISTEM MAIS LEITOS DISPON√çVEIS, N√ÉO TEM VACINA O SUFICIENTE!o povo est√° morrendo e ngm mais se importa... https://t.co/pjUoLdwYY6",0,Kauanysilvaaaaa,False